order_date,order_year,order_month,total_orders,delivered_orders,cancelled_orders,refunded_orders,active_users,active_restaurants,total_food_sales,total_delivery_revenue,gross_order_value,total_commission_revenue,total_payout_amount,avg_food_basket_value,avg_order_value,avg_delivery_minutes,late_delivery_count
2024-01-08,2024,1,1,1,0,0,1,1,9.78,3.99,13.77,2.45,7.34,9.78,13.77,42.0,1
2024-01-29,2024,1,1,1,0,0,1,1,53.09,3.99,57.08,7.96,45.13,53.09,57.08,41.0,0
2024-02-03,2024,2,1,1,0,0,1,1,18.88,3.99,22.87,3.78,15.10,18.88,22.87,83.0,1
2024-02-07,2024,2,1,0,1,1,1,1,31.59,3.99,35.58,6.32,25.27,31.59,35.58,,0
2024-02-10,2024,2,1,1,0,0,1,1,54.89,3.99,58.88,8.23,46.66,54.89,58.88,79.0,1
2024-02-12,2024,2,1,1,0,0,1,1,14.96,3.99,18.95,2.99,11.97,14.96,18.95,42.0,0
2024-02-23,2024,2,1,1,0,0,1,1,55.69,3.99,59.68,8.35,47.34,55.69,59.68,108.0,1
2024-02-26,2024,2,1,0,1,1,1,1,57.35,3.99,61.34,8.60,48.75,57.35,61.34,,0
2024-02-27,2024,2,1,1,0,0,1,1,68.29,3.99,72.28,10.24,58.05,68.29,72.28,30.0,0
2024-02-28,2024,2,1,1,0,0,1,1,51.52,0.00,51.52,12.88,38.64,51.52,51.52,39.0,0
2024-03-02,2024,3,2,2,0,0,2,2,71.49,7.98,79.47,12.90,58.59,35.75,39.74,48.5,0
2024-03-03,2024,3,1,1,0,0,1,1,43.11,3.99,47.10,8.62,34.49,43.11,47.10,50.0,0
2024-03-04,2024,3,1,1,0,0,1,1,41.55,3.99,45.54,10.39,31.16,41.55,45.54,53.0,0
2024-03-05,2024,3,1,1,0,0,1,1,51.07,3.99,55.06,7.66,43.41,51.07,55.06,88.0,1
2024-03-09,2024,3,2,2,0,0,2,2,85.34,0.00,85.34,17.07,68.27,42.67,42.67,54.5,2
2024-03-11,2024,3,2,2,0,0,2,2,130.14,3.99,134.13,22.68,107.46,65.07,67.07,70.5,2
2024-03-19,2024,3,1,1,0,0,1,1,29.28,0.00,29.28,7.32,21.96,29.28,29.28,44.0,0
2024-03-20,2024,3,1,1,0,0,1,1,10.45,1.49,11.94,2.61,7.84,10.45,11.94,67.0,1
2024-03-22,2024,3,2,2,0,0,2,2,56.48,3.99,60.47,9.96,46.52,28.24,30.24,54.0,1
2024-03-24,2024,3,1,1,0,0,1,1,10.22,3.99,14.21,2.04,8.18,10.22,14.21,69.0,1
2024-03-26,2024,3,1,1,0,0,1,1,51.92,0.00,51.92,10.38,41.54,51.92,51.92,65.0,0
2024-03-27,2024,3,1,1,0,0,1,1,20.22,3.99,24.21,5.06,15.17,20.22,24.21,70.0,1
2024-03-29,2024,3,1,1,0,0,1,1,33.71,3.99,37.70,5.06,28.65,33.71,37.70,82.0,1
2024-03-30,2024,3,1,1,0,0,1,1,29.00,3.99,32.99,4.35,24.65,29.00,32.99,28.0,1
2024-03-31,2024,3,1,1,0,0,1,1,21.80,0.00,21.80,4.36,17.44,21.80,21.80,25.0,0
2024-04-01,2024,4,1,1,0,0,1,1,58.70,3.99,62.69,11.74,46.96,58.70,62.69,75.0,0
2024-04-02,2024,4,1,1,0,0,1,1,15.17,3.99,19.16,3.79,11.38,15.17,19.16,40.0,1
2024-04-03,2024,4,1,1,0,0,1,1,56.87,3.99,60.86,8.53,48.34,56.87,60.86,61.0,1
2024-04-05,2024,4,2,2,0,0,2,2,79.28,3.99,83.27,14.51,64.77,39.64,41.64,40.5,1
2024-04-06,2024,4,1,1,0,0,1,1,34.35,0.00,34.35,5.15,29.20,34.35,34.35,45.0,1
2024-04-07,2024,4,3,3,0,0,3,3,103.72,7.98,111.70,19.81,83.91,34.57,37.23,54.7,2
2024-04-09,2024,4,3,3,0,0,3,3,120.11,7.98,128.09,18.02,102.09,40.04,42.70,63.0,2
2024-04-10,2024,4,2,2,0,0,2,2,68.91,7.98,76.89,10.34,58.57,34.46,38.45,73.0,2
2024-04-12,2024,4,2,2,0,0,2,2,107.50,7.98,115.48,16.13,91.37,53.75,57.74,74.5,1
2024-04-13,2024,4,1,1,0,0,1,1,9.52,3.99,13.51,1.90,7.62,9.52,13.51,24.0,0
2024-04-14,2024,4,2,2,0,0,2,2,75.68,7.98,83.66,11.77,63.91,37.84,41.83,52.0,1
2024-04-15,2024,4,2,1,1,1,2,2,36.32,1.49,37.81,6.56,29.76,18.16,18.91,73.0,0
2024-04-16,2024,4,1,1,0,0,1,1,18.19,3.99,22.18,3.64,14.55,18.19,22.18,43.0,1
2024-04-17,2024,4,2,2,0,0,2,2,42.62,7.98,50.60,7.00,35.62,21.31,25.30,49.0,2
2024-04-18,2024,4,1,1,0,0,1,1,50.11,3.99,54.10,10.02,40.09,50.11,54.10,23.0,0
2024-04-20,2024,4,1,1,0,0,1,1,54.34,3.99,58.33,10.87,43.47,54.34,58.33,107.0,1
2024-04-21,2024,4,3,3,0,0,3,3,108.39,11.97,120.36,19.43,88.96,36.13,40.12,77.0,3
2024-04-22,2024,4,1,1,0,0,1,1,15.68,3.99,19.67,2.35,13.33,15.68,19.67,68.0,1
2024-04-23,2024,4,3,2,1,1,3,3,89.77,7.98,97.75,16.67,73.10,29.92,32.58,47.0,2
2024-04-28,2024,4,2,2,0,0,2,2,68.32,7.98,76.30,13.66,54.66,34.16,38.15,76.0,2
2024-04-30,2024,4,1,1,0,0,1,1,41.79,3.99,45.78,6.27,35.52,41.79,45.78,80.0,1
2024-05-02,2024,5,3,3,0,0,3,3,146.71,11.97,158.68,24.72,121.99,48.90,52.89,53.7,2
2024-05-04,2024,5,1,1,0,0,1,1,66.95,0.00,66.95,10.04,56.91,66.95,66.95,71.0,0
2024-05-05,2024,5,3,3,0,0,3,3,139.44,7.98,147.42,27.88,111.56,46.48,49.14,50.0,1
2024-05-06,2024,5,2,2,0,0,2,2,40.74,3.99,44.73,7.70,33.04,20.37,22.37,82.0,2
2024-05-07,2024,5,4,4,0,0,4,4,76.09,13.46,89.55,15.39,60.70,19.02,22.39,62.0,2
2024-05-09,2024,5,1,1,0,0,1,1,29.18,3.99,33.17,5.84,23.34,29.18,33.17,67.0,1
2024-05-10,2024,5,1,1,0,0,1,1,20.25,3.99,24.24,3.04,17.21,20.25,24.24,66.0,0
2024-05-11,2024,5,3,3,0,0,3,3,99.60,7.98,107.58,16.14,83.46,33.20,35.86,71.7,3
2024-05-14,2024,5,1,1,0,0,1,1,60.03,3.99,64.02,12.01,48.02,60.03,64.02,74.0,1
2024-05-16,2024,5,1,1,0,0,1,1,66.20,0.00,66.20,9.93,56.27,66.20,66.20,50.0,1
2024-05-17,2024,5,4,3,1,1,4,4,223.66,7.98,231.64,41.43,182.23,55.92,57.91,44.0,1
2024-05-18,2024,5,1,1,0,0,1,1,29.94,3.99,33.93,4.49,25.45,29.94,33.93,51.0,1
2024-05-19,2024,5,3,3,0,0,3,3,87.71,5.48,93.19,18.87,68.85,29.24,31.06,76.3,3
2024-05-20,2024,5,1,1,0,0,1,1,30.54,3.99,34.53,6.11,24.43,30.54,34.53,59.0,1
2024-05-21,2024,5,5,5,0,0,5,5,174.57,11.97,186.54,34.97,139.61,34.91,37.31,67.0,5
2024-05-22,2024,5,1,1,0,0,1,1,58.49,3.99,62.48,11.70,46.79,58.49,62.48,60.0,0
2024-05-24,2024,5,4,4,0,0,4,4,166.19,15.96,182.15,28.17,138.02,41.55,45.54,78.8,4
2024-05-25,2024,5,2,2,0,0,2,2,74.77,7.98,82.75,11.22,63.55,37.39,41.38,61.0,2
2024-05-26,2024,5,1,0,1,1,1,1,25.91,0.00,25.91,5.18,20.73,25.91,25.91,,0
2024-05-27,2024,5,1,1,0,0,1,1,41.45,0.00,41.45,6.22,35.23,41.45,41.45,69.0,1
2024-05-28,2024,5,1,1,0,0,1,1,17.70,3.99,21.69,2.66,15.05,17.70,21.69,49.0,1
2024-05-29,2024,5,1,1,0,0,1,1,54.46,3.99,58.45,10.89,43.57,54.46,58.45,88.0,1
2024-05-31,2024,5,3,3,0,0,3,3,103.14,3.99,107.13,18.81,84.34,34.38,35.71,89.3,2
2024-06-01,2024,6,1,1,0,0,1,1,34.03,3.99,38.02,8.51,25.52,34.03,38.02,70.0,1
2024-06-02,2024,6,3,3,0,0,3,3,141.98,11.97,153.95,25.21,116.77,47.33,51.32,55.3,3
2024-06-03,2024,6,3,3,0,0,3,3,93.23,3.99,97.22,18.76,74.47,31.08,32.41,63.3,0
2024-06-04,2024,6,1,1,0,0,1,1,58.08,3.99,62.07,8.71,49.37,58.08,62.07,41.0,0
2024-06-05,2024,6,2,2,0,0,2,2,84.61,3.99,88.60,13.60,71.01,42.31,44.30,50.5,2
2024-06-06,2024,6,1,1,0,0,1,1,12.25,3.99,16.24,3.06,9.19,12.25,16.24,23.0,0
2024-06-08,2024,6,2,2,0,0,2,2,106.13,3.99,110.12,21.64,84.49,53.07,55.06,69.0,2
2024-06-09,2024,6,2,2,0,0,2,2,87.37,7.98,95.35,13.10,74.27,43.69,47.68,58.0,2
2024-06-10,2024,6,1,1,0,0,1,1,43.24,3.99,47.23,8.65,34.59,43.24,47.23,62.0,1
2024-06-11,2024,6,3,2,1,1,3,3,115.17,7.98,123.15,24.90,90.28,38.39,41.05,55.5,2
2024-06-12,2024,6,2,2,0,0,2,2,86.13,7.98,94.11,12.92,73.21,43.07,47.06,47.5,2
2024-06-13,2024,6,1,1,0,0,1,1,64.38,0.00,64.38,12.88,51.50,64.38,64.38,49.0,0
2024-06-14,2024,6,5,4,1,1,5,5,224.25,9.47,233.72,39.26,184.99,44.85,46.74,66.5,4
2024-06-15,2024,6,3,3,0,0,3,3,66.80,5.48,72.28,12.71,54.09,22.27,24.09,58.3,2
2024-06-16,2024,6,3,2,1,1,3,3,150.67,7.98,158.65,22.60,128.07,50.22,52.88,63.5,1
2024-06-17,2024,6,2,2,0,0,2,2,38.87,7.98,46.85,7.77,31.10,19.44,23.43,47.0,1
2024-06-18,2024,6,3,3,0,0,3,3,112.38,7.98,120.36,21.20,91.18,37.46,40.12,67.3,2
2024-06-19,2024,6,1,1,0,0,1,1,60.50,3.99,64.49,15.13,45.38,60.50,64.49,62.0,1
2024-06-20,2024,6,2,2,0,0,2,2,91.89,7.98,99.87,21.05,70.85,45.95,49.94,46.0,2
2024-06-21,2024,6,2,2,0,0,2,2,79.48,3.99,83.47,14.95,64.53,39.74,41.74,66.5,1
2024-06-23,2024,6,5,5,0,0,5,5,228.89,19.95,248.84,37.16,191.73,45.78,49.77,59.6,4
2024-06-24,2024,6,2,2,0,0,2,2,123.95,3.99,127.94,21.43,102.52,61.98,63.97,37.5,0
2024-06-25,2024,6,1,1,0,0,1,1,10.75,3.99,14.74,2.15,8.60,10.75,14.74,55.0,1
2024-06-26,2024,6,2,2,0,0,2,2,43.18,3.99,47.17,9.45,33.73,21.59,23.59,66.5,2
2024-06-27,2024,6,1,1,0,0,1,1,69.00,0.00,69.00,13.80,55.20,69.00,69.00,79.0,1
2024-06-28,2024,6,1,1,0,0,1,1,54.55,3.99,58.54,13.64,40.91,54.55,58.54,31.0,0
2024-06-29,2024,6,2,2,0,0,2,2,64.04,5.48,69.52,12.40,51.64,32.02,34.76,47.0,2
2024-06-30,2024,6,6,6,0,0,6,6,192.24,19.95,212.19,37.88,154.37,32.04,35.37,46.0,2
2024-07-01,2024,7,1,1,0,0,1,1,61.83,0.00,61.83,12.37,49.46,61.83,61.83,84.0,1
2024-07-02,2024,7,3,3,0,0,3,3,87.45,11.97,99.42,16.37,71.08,29.15,33.14,42.3,2
2024-07-03,2024,7,5,4,1,1,5,5,200.78,11.97,212.75,40.47,160.31,40.16,42.55,38.5,1
2024-07-04,2024,7,1,1,0,0,1,1,58.22,0.00,58.22,8.73,49.49,58.22,58.22,23.0,1
2024-07-05,2024,7,2,2,0,0,2,2,70.66,3.99,74.65,14.20,56.46,35.33,37.33,84.5,2
2024-07-06,2024,7,5,4,1,1,5,5,155.64,19.95,175.59,29.82,125.82,31.13,35.12,75.5,1
2024-07-08,2024,7,2,2,0,0,2,1,80.65,7.98,88.63,12.10,68.56,40.33,44.32,51.5,1
2024-07-09,2024,7,3,3,0,0,3,3,128.36,7.98,136.34,21.02,107.34,42.79,45.45,67.0,1
2024-07-11,2024,7,2,2,0,0,2,2,95.55,7.98,103.53,16.67,78.88,47.78,51.77,47.0,0
2024-07-12,2024,7,1,1,0,0,1,1,22.15,3.99,26.14,3.32,18.83,22.15,26.14,49.0,1
2024-07-13,2024,7,2,2,0,0,2,2,67.83,7.98,75.81,12.94,54.89,33.92,37.91,44.0,1
2024-07-15,2024,7,1,1,0,0,1,1,30.88,3.99,34.87,7.72,23.16,30.88,34.87,85.0,1
2024-07-16,2024,7,1,1,0,0,1,1,67.90,3.99,71.89,10.19,57.72,67.90,71.89,70.0,1
2024-07-17,2024,7,2,2,0,0,2,2,59.52,7.98,67.50,12.51,47.02,29.76,33.75,84.0,2
2024-07-18,2024,7,2,2,0,0,2,2,97.71,7.98,105.69,21.51,76.20,48.86,52.85,63.5,1
2024-07-19,2024,7,4,3,1,1,4,4,135.28,9.47,144.75,22.18,113.12,33.82,36.19,55.7,1
2024-07-21,2024,7,2,2,0,0,2,2,92.88,7.98,100.86,18.57,74.31,46.44,50.43,59.0,1
2024-07-22,2024,7,4,2,2,2,4,4,67.85,15.96,83.81,12.75,55.10,16.96,20.95,53.5,1
2024-07-23,2024,7,6,6,0,0,6,6,251.95,17.45,269.40,44.55,207.40,41.99,44.90,55.7,4
2024-07-25,2024,7,4,4,0,0,4,4,135.84,15.96,151.80,27.99,107.87,33.96,37.95,57.5,4
2024-07-26,2024,7,5,5,0,0,4,5,188.43,7.98,196.41,33.40,155.04,37.69,39.28,51.8,3
2024-07-27,2024,7,2,2,0,0,2,2,107.42,7.98,115.40,23.69,83.73,53.71,57.70,48.0,1
2024-07-28,2024,7,2,2,0,0,2,2,37.98,3.99,41.97,6.46,31.52,18.99,20.99,94.0,2
2024-07-29,2024,7,1,1,0,0,1,1,69.39,3.99,73.38,10.41,58.98,69.39,73.38,42.0,1
2024-07-30,2024,7,3,3,0,0,3,3,132.07,11.97,144.04,23.52,108.55,44.02,48.01,46.7,1
2024-07-31,2024,7,5,4,1,1,5,5,213.02,11.97,224.99,48.99,164.03,42.60,45.00,72.3,4
2024-08-01,2024,8,3,3,0,0,3,3,96.07,11.97,108.04,18.36,77.71,32.02,36.01,50.0,3
2024-08-02,2024,8,2,2,0,0,2,2,54.83,3.99,58.82,12.13,42.70,27.42,29.41,51.0,2
2024-08-03,2024,8,2,1,1,1,2,2,112.53,7.98,120.51,22.51,90.02,56.27,60.26,76.0,1
2024-08-04,2024,8,2,2,0,0,2,2,75.72,7.98,83.70,13.90,61.82,37.86,41.85,70.0,2
2024-08-05,2024,8,5,5,0,0,4,5,155.60,19.95,175.55,31.77,123.83,31.12,35.11,49.0,2
2024-08-06,2024,8,1,1,0,0,1,1,54.16,3.99,58.15,8.12,46.04,54.16,58.15,28.0,0
2024-08-07,2024,8,3,3,0,0,3,3,125.58,7.98,133.56,21.95,103.63,41.86,44.52,59.3,3
2024-08-08,2024,8,3,3,0,0,3,3,80.22,9.47,89.69,15.33,64.89,26.74,29.90,44.0,2
2024-08-11,2024,8,1,1,0,0,1,1,35.07,0.00,35.07,5.26,29.81,35.07,35.07,37.0,0
2024-08-12,2024,8,2,1,1,1,2,1,58.78,3.99,62.77,11.75,47.03,29.39,31.39,56.0,1
2024-08-13,2024,8,1,1,0,0,1,1,18.95,3.99,22.94,2.84,16.11,18.95,22.94,63.0,1
2024-08-14,2024,8,3,2,1,1,3,3,168.58,11.97,180.55,33.72,134.86,56.19,60.18,42.5,1
2024-08-15,2024,8,1,1,0,0,1,1,36.24,3.99,40.23,9.06,27.18,36.24,40.23,67.0,1
2024-08-17,2024,8,2,2,0,0,2,2,27.70,7.98,35.68,4.76,22.94,13.85,17.84,51.5,1
2024-08-18,2024,8,2,2,0,0,2,2,98.99,7.98,106.97,19.80,79.19,49.50,53.49,73.5,1
2024-08-19,2024,8,1,1,0,0,1,1,25.39,3.99,29.38,6.35,19.04,25.39,29.38,54.0,1
2024-08-20,2024,8,1,1,0,0,1,1,35.69,3.99,39.68,5.35,30.34,35.69,39.68,46.0,1
2024-08-21,2024,8,3,3,0,0,3,3,59.92,11.97,71.89,10.98,48.95,19.97,23.96,47.3,2
2024-08-23,2024,8,1,1,0,0,1,1,44.23,3.99,48.22,8.85,35.38,44.23,48.22,67.0,0
2024-08-24,2024,8,1,1,0,0,1,1,69.98,3.99,73.97,14.00,55.98,69.98,73.97,68.0,0
2024-08-25,2024,8,7,7,0,0,7,7,327.16,27.93,355.09,53.19,273.97,46.74,50.73,61.7,5
2024-08-29,2024,8,1,1,0,0,1,1,10.35,1.49,11.84,1.55,8.80,10.35,11.84,51.0,1
2024-08-30,2024,8,2,2,0,0,2,2,93.80,3.99,97.79,14.07,79.73,46.90,48.90,48.5,1
2024-08-31,2024,8,2,2,0,0,2,2,74.56,7.98,82.54,11.19,63.37,37.28,41.27,46.5,1
2024-09-01,2024,9,3,3,0,0,3,3,154.23,7.98,162.21,23.14,131.10,51.41,54.07,64.3,3
2024-09-02,2024,9,2,2,0,0,2,2,56.21,7.98,64.19,13.33,42.88,28.11,32.10,64.0,1
2024-09-03,2024,9,3,3,0,0,3,3,101.56,7.98,109.54,17.67,83.90,33.85,36.51,48.7,2
2024-09-04,2024,9,2,2,0,0,2,2,101.54,7.98,109.52,18.54,83.00,50.77,54.76,71.0,1
2024-09-05,2024,9,1,1,0,0,1,1,46.48,0.00,46.48,11.62,34.86,46.48,46.48,78.0,1
2024-09-06,2024,9,4,4,0,0,4,3,101.89,9.47,111.36,19.83,82.08,25.47,27.84,37.5,1
2024-09-07,2024,9,3,3,0,0,3,3,148.48,11.97,160.45,26.43,122.05,49.49,53.48,72.7,3
2024-09-08,2024,9,2,2,0,0,2,2,56.28,7.98,64.26,11.26,45.02,28.14,32.13,50.0,1
2024-09-09,2024,9,3,3,0,0,3,3,76.09,7.98,84.07,11.42,64.67,25.36,28.02,50.7,2
2024-09-11,2024,9,3,3,0,0,3,3,62.40,5.48,67.88,14.63,47.78,20.80,22.63,71.0,3
2024-09-12,2024,9,5,4,1,1,5,5,159.12,15.96,175.08,28.76,130.36,31.82,35.02,62.0,3
2024-09-13,2024,9,3,3,0,0,3,3,99.29,3.99,103.28,15.83,83.46,33.10,34.43,54.0,3
2024-09-14,2024,9,3,3,0,0,3,2,141.36,7.98,149.34,26.40,114.96,47.12,49.78,54.7,1
2024-09-15,2024,9,6,6,0,0,6,6,236.39,15.96,252.35,49.38,187.01,39.40,42.06,64.7,5
2024-09-16,2024,9,2,1,1,1,2,2,51.58,3.99,55.57,12.89,38.69,25.79,27.79,55.0,1
2024-09-17,2024,9,3,2,1,1,3,3,64.52,11.97,76.49,10.85,53.67,21.51,25.50,47.0,2
2024-09-18,2024,9,3,3,0,0,3,3,128.12,9.47,137.59,25.04,103.09,42.71,45.86,57.3,3
2024-09-19,2024,9,3,3,0,0,3,3,179.90,7.98,187.88,35.96,143.95,59.97,62.63,39.0,1
2024-09-20,2024,9,2,2,0,0,2,2,84.00,7.98,91.98,16.80,67.20,42.00,45.99,63.0,2
2024-09-21,2024,9,6,6,0,0,6,6,239.38,11.97,251.35,43.27,196.11,39.90,41.89,64.0,5
2024-09-22,2024,9,3,3,0,0,3,3,84.97,7.98,92.95,17.83,67.14,28.32,30.98,79.7,3
2024-09-23,2024,9,5,5,0,0,5,5,179.50,15.96,195.46,29.02,150.48,35.90,39.09,68.0,4
2024-09-24,2024,9,5,5,0,0,5,5,261.93,15.96,277.89,45.51,216.43,52.39,55.58,70.8,4
2024-09-25,2024,9,2,2,0,0,2,2,73.79,3.99,77.78,13.31,60.48,36.90,38.89,36.5,1
2024-09-26,2024,9,3,0,3,3,3,3,107.97,3.99,111.96,16.68,91.29,35.99,37.32,,0
2024-09-27,2024,9,2,2,0,0,2,2,77.15,7.98,85.13,15.43,61.72,38.58,42.57,66.5,1
2024-09-28,2024,9,2,2,0,0,2,2,90.49,3.99,94.48,18.10,72.39,45.25,47.24,66.5,1
2024-09-29,2024,9,6,6,0,0,6,5,208.96,15.96,224.92,34.93,174.03,34.83,37.49,59.0,5
2024-09-30,2024,9,2,1,1,1,2,2,74.80,0.00,74.80,16.74,58.07,37.40,37.40,51.0,0
2024-10-01,2024,10,4,3,1,1,4,4,149.90,11.97,161.87,27.91,121.99,37.48,40.47,62.3,1
2024-10-02,2024,10,2,2,0,0,2,2,72.07,5.48,77.55,10.81,61.26,36.04,38.78,75.0,2
2024-10-03,2024,10,3,2,1,1,3,3,133.78,5.48,139.26,23.53,110.25,44.59,46.42,77.0,2
2024-10-04,2024,10,3,3,0,0,3,3,171.00,3.99,174.99,29.96,141.06,57.00,58.33,55.7,1
2024-10-05,2024,10,2,2,0,0,2,2,105.91,7.98,113.89,17.96,87.95,52.96,56.95,39.0,1
2024-10-06,2024,10,5,5,0,0,5,5,209.50,15.96,225.46,35.33,174.17,41.90,45.09,69.2,4
2024-10-07,2024,10,1,1,0,0,1,1,24.90,3.99,28.89,4.98,19.92,24.90,28.89,68.0,1
2024-10-08,2024,10,3,3,0,0,3,3,47.84,11.97,59.81,7.85,39.99,15.95,19.94,62.0,0
2024-10-09,2024,10,6,5,1,1,6,6,171.08,21.44,192.52,29.81,141.28,28.51,32.09,63.4,3
2024-10-10,2024,10,2,1,1,1,2,2,45.74,7.98,53.72,10.71,35.03,22.87,26.86,52.0,1
2024-10-11,2024,10,2,2,0,0,2,2,53.61,7.98,61.59,10.72,42.89,26.81,30.80,46.5,2
2024-10-12,2024,10,4,4,0,0,4,4,121.91,15.96,137.87,29.31,92.61,30.48,34.47,46.8,4
2024-10-13,2024,10,3,3,0,0,3,3,106.39,9.47,115.86,18.19,88.20,35.46,38.62,91.0,3
2024-10-14,2024,10,6,5,1,1,6,5,283.50,15.96,299.46,56.08,227.42,47.25,49.91,63.8,3
2024-10-15,2024,10,3,2,1,1,3,3,146.77,11.97,158.74,24.85,121.92,48.92,52.91,68.0,1
2024-10-16,2024,10,4,3,1,1,4,4,189.04,11.97,201.01,30.35,158.69,47.26,50.25,49.7,1
2024-10-17,2024,10,3,3,0,0,3,3,151.92,7.98,159.90,27.04,124.88,50.64,53.30,56.7,2
2024-10-18,2024,10,4,4,0,0,4,4,151.52,13.46,164.98,31.38,120.15,37.88,41.25,57.3,3
2024-10-19,2024,10,1,1,0,0,1,1,32.81,0.00,32.81,4.92,27.89,32.81,32.81,62.0,1
2024-10-20,2024,10,3,3,0,0,3,3,163.50,11.97,175.47,24.53,138.98,54.50,58.49,54.0,2
2024-10-22,2024,10,3,3,0,0,3,3,69.65,3.99,73.64,13.91,55.74,23.22,24.55,61.3,2
2024-10-23,2024,10,5,5,0,0,5,5,154.73,13.46,168.19,34.48,120.25,30.95,33.64,69.2,5
2024-10-24,2024,10,3,3,0,0,3,3,102.33,11.97,114.30,18.93,83.40,34.11,38.10,77.3,2
2024-10-25,2024,10,7,7,0,0,7,6,228.58,27.93,256.51,47.55,181.03,32.65,36.64,60.3,6
2024-10-26,2024,10,4,4,0,0,4,4,143.98,11.97,155.95,23.83,120.15,36.00,38.99,64.8,4
2024-10-27,2024,10,3,2,1,1,3,3,155.28,7.98,163.26,29.02,126.26,51.76,54.42,61.5,2
2024-10-28,2024,10,3,3,0,0,3,2,147.73,11.97,159.70,26.09,121.65,49.24,53.23,60.0,3
2024-10-29,2024,10,2,2,0,0,2,2,35.84,7.98,43.82,6.37,29.47,17.92,21.91,75.5,1
2024-10-30,2024,10,3,2,1,1,3,3,141.78,0.00,141.78,29.97,111.81,47.26,47.26,53.0,1
2024-10-31,2024,10,4,4,0,0,4,4,198.80,11.97,210.77,36.10,162.70,49.70,52.69,79.8,3
2024-11-01,2024,11,3,3,0,0,3,3,124.54,7.98,132.52,22.43,102.11,41.51,44.17,61.7,2
2024-11-02,2024,11,3,3,0,0,3,3,169.81,7.98,177.79,33.96,135.85,56.60,59.26,79.0,3
2024-11-03,2024,11,2,2,0,0,2,2,68.87,0.00,68.87,13.02,55.85,34.44,34.44,33.5,2
2024-11-04,2024,11,7,7,0,0,7,6,291.19,15.96,307.15,59.47,231.72,41.60,43.88,55.9,3
2024-11-05,2024,11,4,4,0,0,4,4,158.72,11.97,170.69,31.87,126.85,39.68,42.67,60.8,4
2024-11-06,2024,11,3,3,0,0,3,3,178.80,7.98,186.78,32.34,146.46,59.60,62.26,61.7,1
2024-11-07,2024,11,7,7,0,0,7,7,335.16,19.95,355.11,59.22,275.95,47.88,50.73,59.3,5
2024-11-08,2024,11,4,4,0,0,4,4,174.22,11.97,186.19,34.84,139.38,43.56,46.55,62.5,4
2024-11-09,2024,11,2,2,0,0,2,2,80.78,3.99,84.77,14.91,65.87,40.39,42.39,56.5,1
2024-11-10,2024,11,4,4,0,0,4,4,212.10,11.97,224.07,34.15,177.95,53.03,56.02,66.3,3
2024-11-11,2024,11,7,5,2,2,7,7,264.82,15.96,280.78,44.02,220.80,37.83,40.11,65.0,2
2024-11-12,2024,11,1,1,0,0,1,1,31.70,3.99,35.69,6.34,25.36,31.70,35.69,60.0,0
2024-11-13,2024,11,2,2,0,0,2,2,87.81,7.98,95.79,14.44,73.37,43.91,47.90,42.5,1
2024-11-14,2024,11,3,3,0,0,3,3,100.33,3.99,104.32,16.36,83.97,33.44,34.77,57.7,3
2024-11-15,2024,11,4,4,0,0,4,4,168.39,15.96,184.35,32.33,136.07,42.10,46.09,60.8,1
2024-11-16,2024,11,2,2,0,0,2,2,94.60,3.99,98.59,20.65,73.95,47.30,49.30,60.0,2
2024-11-17,2024,11,6,5,1,1,6,5,278.30,23.94,302.24,49.28,229.02,46.38,50.37,38.8,2
2024-11-18,2024,11,4,3,1,1,4,4,188.45,7.98,196.43,35.41,153.04,47.11,49.11,64.3,2
2024-11-19,2024,11,6,5,1,1,6,6,249.56,15.96,265.52,51.32,198.24,41.59,44.25,75.8,5
2024-11-20,2024,11,10,9,1,1,10,10,353.88,24.42,378.30,65.50,288.38,35.39,37.83,60.6,6
2024-11-21,2024,11,7,7,0,0,7,6,350.30,19.95,370.25,63.84,286.46,50.04,52.89,53.7,6
2024-11-22,2024,11,2,2,0,0,2,2,103.06,7.98,111.04,17.71,85.35,51.53,55.52,67.5,1
2024-11-23,2024,11,4,3,1,1,4,4,166.08,9.47,175.55,27.68,138.40,41.52,43.89,66.7,2
2024-11-24,2024,11,2,2,0,0,2,2,67.96,7.98,75.94,13.59,54.37,33.98,37.97,74.0,2
2024-11-25,2024,11,4,3,1,1,4,4,204.29,7.98,212.27,37.04,167.25,51.07,53.07,57.7,1
2024-11-26,2024,11,2,1,1,1,2,2,51.85,5.48,57.33,10.37,41.48,25.93,28.67,76.0,1
2024-11-27,2024,11,7,7,0,0,7,7,265.12,15.96,281.08,43.92,221.20,37.87,40.15,54.1,3
2024-11-28,2024,11,3,3,0,0,3,3,108.60,11.97,120.57,18.91,89.69,36.20,40.19,53.0,2
2024-11-29,2024,11,3,2,1,1,3,3,63.40,7.98,71.38,11.77,51.63,21.13,23.79,63.5,2
2024-11-30,2024,11,4,4,0,0,4,4,160.69,11.97,172.66,31.33,129.36,40.17,43.17,54.5,4
2024-12-01,2024,12,7,6,1,1,7,7,276.73,19.95,296.68,48.46,228.27,39.53,42.38,42.0,4
2024-12-02,2024,12,8,7,1,1,8,8,326.04,19.95,345.99,64.27,261.79,40.76,43.25,52.3,3
2024-12-03,2024,12,7,7,0,0,7,5,379.59,19.95,399.54,67.47,312.12,54.23,57.08,47.3,3
2024-12-04,2024,12,7,7,0,0,7,7,269.21,19.95,289.16,51.11,218.11,38.46,41.31,49.3,5
2024-12-05,2024,12,7,7,0,0,7,7,338.07,27.93,366.00,65.30,272.77,48.30,52.29,53.4,5
2024-12-06,2024,12,4,3,1,1,4,4,188.54,11.97,200.51,35.69,152.85,47.14,50.13,78.7,3
2024-12-07,2024,12,5,4,1,1,5,5,256.40,7.98,264.38,46.81,209.59,51.28,52.88,66.8,3
2024-12-08,2024,12,1,1,0,0,1,1,29.37,0.00,29.37,5.87,23.50,29.37,29.37,83.0,1
2024-12-09,2024,12,5,4,1,1,5,5,192.25,19.95,212.20,29.44,162.81,38.45,42.44,51.8,1
2024-12-10,2024,12,3,3,0,0,3,3,81.81,3.99,85.80,14.63,67.18,27.27,28.60,59.7,1
2024-12-11,2024,12,10,9,1,1,10,8,411.55,30.91,442.46,78.36,333.20,41.16,44.25,50.8,5
2024-12-12,2024,12,2,2,0,0,2,2,74.70,7.98,82.68,13.77,60.93,37.35,41.34,59.5,1
2024-12-13,2024,12,7,5,2,2,7,7,362.55,19.95,382.50,73.53,289.03,51.79,54.64,65.2,4
2024-12-14,2024,12,6,4,2,2,6,6,183.87,23.94,207.81,33.86,150.03,30.65,34.64,77.0,2
2024-12-15,2024,12,4,4,0,0,4,4,138.50,15.96,154.46,24.21,114.29,34.63,38.62,58.3,2
2024-12-16,2024,12,7,4,3,3,7,7,330.01,23.94,353.95,65.13,264.88,47.14,50.56,71.0,3
2024-12-17,2024,12,6,5,1,1,6,5,270.91,15.96,286.87,53.66,217.25,45.15,47.81,58.2,3
2024-12-18,2024,12,3,3,0,0,3,3,128.61,11.97,140.58,28.66,99.96,42.87,46.86,32.3,2
2024-12-19,2024,12,7,7,0,0,7,6,361.88,19.95,381.83,57.49,304.39,51.70,54.55,45.7,6
2024-12-20,2024,12,4,4,0,0,4,4,157.69,11.97,169.66,31.61,126.08,39.42,42.42,59.0,3
2024-12-21,2024,12,3,3,0,0,3,3,111.45,7.98,119.43,18.46,92.99,37.15,39.81,78.7,3
2024-12-22,2024,12,5,5,0,0,5,5,183.08,15.96,199.04,36.21,146.87,36.62,39.81,42.2,2
2024-12-23,2024,12,8,8,0,0,7,8,271.30,25.43,296.73,45.27,226.03,33.91,37.09,59.3,6
2024-12-24,2024,12,6,4,2,2,6,6,293.02,23.94,316.96,48.80,244.23,48.84,52.83,52.0,1
2024-12-25,2024,12,7,6,1,1,7,7,271.03,15.96,286.99,48.08,222.96,38.72,41.00,62.2,5
2024-12-26,2024,12,4,3,1,1,4,4,201.10,11.97,213.07,38.07,163.03,50.28,53.27,59.3,2
2024-12-27,2024,12,5,5,0,0,5,5,240.90,19.95,260.85,45.40,195.50,48.18,52.17,51.2,2
2024-12-28,2024,12,4,3,1,1,4,4,168.54,15.96,184.50,27.79,140.75,42.14,46.13,79.3,3
2024-12-29,2024,12,5,4,1,1,5,5,128.76,19.95,148.71,26.92,101.84,25.75,29.74,49.8,2
2024-12-30,2024,12,7,6,1,1,7,7,287.65,19.95,307.60,58.74,228.92,41.09,43.94,49.8,2
2024-12-31,2024,12,6,6,0,0,6,6,127.62,21.44,149.06,24.55,103.08,21.27,24.84,51.7,4
2025-01-01,2025,1,1,1,0,0,1,1,65.40,3.99,69.39,13.08,52.32,65.40,69.39,60.0,1
2025-01-02,2025,1,2,2,0,0,2,2,32.69,5.48,38.17,6.70,25.99,16.35,19.09,63.5,2
2025-01-03,2025,1,5,3,2,2,5,4,231.95,15.96,247.91,40.15,191.80,46.39,49.58,47.3,3
2025-01-04,2025,1,2,1,1,1,2,2,92.12,3.99,96.11,16.72,75.40,46.06,48.06,61.0,1
2025-01-05,2025,1,4,3,1,1,4,4,172.82,11.97,184.79,30.05,142.77,43.21,46.20,52.3,3
2025-01-06,2025,1,2,1,1,1,2,2,61.70,7.98,69.68,10.96,50.74,30.85,34.84,42.0,0
2025-01-07,2025,1,2,2,0,0,2,2,21.56,7.98,29.54,3.84,17.72,10.78,14.77,63.0,2
2025-01-08,2025,1,3,3,0,0,3,2,152.12,3.99,156.11,30.42,121.70,50.71,52.04,42.3,1
2025-01-09,2025,1,8,8,0,0,8,7,313.36,31.92,345.28,53.11,260.25,39.17,43.16,74.5,7
2025-01-10,2025,1,3,3,0,0,3,3,109.43,7.98,117.41,20.10,89.33,36.48,39.14,62.3,3
2025-01-11,2025,1,5,5,0,0,4,5,213.15,11.97,225.12,41.15,172.00,42.63,45.02,65.8,4
2025-01-12,2025,1,10,9,1,1,10,10,353.03,29.42,382.45,69.73,283.31,35.30,38.25,66.9,5
2025-01-13,2025,1,5,5,0,0,5,5,155.79,19.95,175.74,24.96,130.83,31.16,35.15,68.0,4
2025-01-14,2025,1,9,9,0,0,9,9,302.11,25.43,327.54,54.77,247.35,33.57,36.39,67.1,7
2025-01-15,2025,1,8,7,1,1,8,7,293.97,21.44,315.41,57.59,236.39,36.75,39.43,44.3,4
2025-01-16,2025,1,6,6,0,0,6,6,217.86,19.95,237.81,36.31,181.55,36.31,39.64,58.8,3
2025-01-17,2025,1,4,4,0,0,4,4,100.66,11.97,112.63,15.79,84.87,25.17,28.16,61.0,3
2025-01-18,2025,1,9,8,1,1,9,9,319.61,27.93,347.54,59.93,259.69,35.51,38.62,49.5,3
2025-01-19,2025,1,4,3,1,1,4,4,119.75,11.97,131.72,22.84,96.92,29.94,32.93,65.3,3
2025-01-20,2025,1,3,3,0,0,3,3,127.17,7.98,135.15,20.76,106.42,42.39,45.05,49.7,1
2025-01-21,2025,1,11,9,2,2,11,11,399.99,23.94,423.93,72.83,327.17,36.36,38.54,71.3,8
2025-01-22,2025,1,4,4,0,0,3,4,182.82,15.96,198.78,33.44,149.38,45.71,49.70,53.8,2
2025-01-23,2025,1,4,4,0,0,4,4,163.68,15.96,179.64,27.78,135.90,40.92,44.91,52.3,3
2025-01-24,2025,1,8,7,1,1,8,7,299.14,29.42,328.56,60.26,238.88,37.39,41.07,62.3,6
2025-01-25,2025,1,7,7,0,0,7,6,348.91,15.96,364.87,66.10,282.81,49.84,52.12,65.7,5
2025-01-26,2025,1,6,5,1,1,6,5,190.15,17.45,207.60,45.04,145.12,31.69,34.60,80.6,4
2025-01-27,2025,1,7,7,0,0,7,7,324.40,11.97,336.37,60.91,263.49,46.34,48.05,52.7,5
2025-01-28,2025,1,3,2,1,1,3,3,132.97,11.97,144.94,23.31,109.66,44.32,48.31,49.0,2
2025-01-29,2025,1,3,3,0,0,3,3,101.44,11.97,113.41,16.61,84.84,33.81,37.80,57.3,3
2025-01-30,2025,1,5,4,1,1,5,4,198.31,19.95,218.26,43.17,155.15,39.66,43.65,52.3,2
2025-01-31,2025,1,8,8,0,0,7,6,269.11,19.95,289.06,56.43,212.68,33.64,36.13,60.9,6
2025-02-01,2025,2,6,6,0,0,6,6,185.36,15.96,201.32,34.49,150.87,30.89,33.55,54.7,4
2025-02-02,2025,2,3,3,0,0,3,3,97.40,7.98,105.38,18.16,79.25,32.47,35.13,46.3,3
2025-02-03,2025,2,6,6,0,0,6,6,245.50,23.94,269.44,48.16,197.34,40.92,44.91,55.2,1
2025-02-04,2025,2,3,2,1,1,3,3,83.60,11.97,95.57,15.07,68.53,27.87,31.86,46.5,2
2025-02-05,2025,2,3,3,0,0,3,3,158.89,11.97,170.86,35.01,123.89,52.96,56.95,53.3,2
2025-02-06,2025,2,3,3,0,0,3,3,137.04,7.98,145.02,24.97,112.07,45.68,48.34,65.0,3
2025-02-07,2025,2,13,12,1,1,13,12,584.41,39.90,624.31,108.58,475.83,44.95,48.02,61.9,9
2025-02-08,2025,2,5,5,0,0,5,5,154.31,15.96,170.27,32.17,122.15,30.86,34.05,61.4,4
2025-02-09,2025,2,7,6,1,1,7,7,227.88,17.45,245.33,44.60,183.28,32.55,35.05,69.8,5
2025-02-10,2025,2,5,4,1,1,5,5,174.15,19.95,194.10,33.26,140.89,34.83,38.82,61.8,3
2025-02-11,2025,2,7,7,0,0,7,7,284.91,27.93,312.84,47.17,237.74,40.70,44.69,60.1,6
2025-02-12,2025,2,9,8,1,1,9,9,279.22,35.91,315.13,49.44,229.79,31.02,35.01,58.1,4
2025-02-13,2025,2,6,4,2,2,6,5,255.31,15.96,271.27,54.97,200.34,42.55,45.21,70.3,3
2025-02-14,2025,2,6,5,1,1,6,6,253.61,15.96,269.57,50.32,203.31,42.27,44.93,52.4,4
2025-02-15,2025,2,3,3,0,0,3,3,131.21,11.97,143.18,23.31,107.90,43.74,47.73,61.0,3
2025-02-16,2025,2,8,8,0,0,7,8,359.14,23.94,383.08,67.91,291.24,44.89,47.89,57.9,5
2025-02-17,2025,2,7,6,1,1,7,7,295.50,19.95,315.45,55.70,239.80,42.21,45.06,49.5,1
2025-02-18,2025,2,9,8,1,1,9,8,398.02,27.93,425.95,70.39,327.64,44.22,47.33,48.5,3
2025-02-19,2025,2,4,4,0,0,4,4,77.29,11.97,89.26,11.59,65.70,19.32,22.32,55.5,2
2025-02-20,2025,2,7,7,0,0,7,7,326.97,19.95,346.92,65.80,261.17,46.71,49.56,62.0,5
2025-02-21,2025,2,7,7,0,0,7,7,387.24,15.96,403.20,74.93,312.31,55.32,57.60,64.4,4
2025-02-22,2025,2,3,3,0,0,3,3,140.67,7.98,148.65,26.70,113.97,46.89,49.55,77.0,3
2025-02-23,2025,2,5,5,0,0,5,5,243.55,11.97,255.52,48.86,194.69,48.71,51.10,62.2,4
2025-02-24,2025,2,5,5,0,0,5,5,232.01,11.97,243.98,41.97,190.04,46.40,48.80,59.6,4
2025-02-25,2025,2,6,6,0,0,6,6,148.22,15.96,164.18,27.90,120.32,24.70,27.36,52.5,6
2025-02-26,2025,2,9,9,0,0,9,9,394.13,27.93,422.06,83.32,310.82,43.79,46.90,62.2,6
2025-02-27,2025,2,7,7,0,0,7,7,380.21,15.96,396.17,67.59,312.62,54.32,56.60,43.1,4
2025-02-28,2025,2,5,5,0,0,5,5,206.25,15.96,222.21,32.24,174.01,41.25,44.44,68.8,3
2025-03-01,2025,3,6,6,0,0,6,6,282.50,23.94,306.44,52.21,230.29,47.08,51.07,56.5,2
2025-03-02,2025,3,3,1,2,2,3,3,157.17,3.99,161.16,29.00,128.17,52.39,53.72,73.0,0
2025-03-03,2025,3,6,4,2,2,6,6,175.84,15.96,191.80,32.92,142.92,29.31,31.97,50.8,2
2025-03-04,2025,3,1,1,0,0,1,1,51.83,3.99,55.82,7.77,44.06,51.83,55.82,38.0,0
2025-03-05,2025,3,8,7,1,1,8,8,241.25,25.43,266.68,42.46,198.79,30.16,33.34,55.3,7
2025-03-06,2025,3,8,8,0,0,8,7,303.45,23.94,327.39,51.99,251.46,37.93,40.92,64.1,6
2025-03-07,2025,3,5,4,1,1,4,5,213.60,15.96,229.56,42.71,170.89,42.72,45.91,43.3,2
2025-03-08,2025,3,6,6,0,0,6,6,202.15,23.94,226.09,33.02,169.14,33.69,37.68,61.0,2
2025-03-09,2025,3,4,4,0,0,4,4,151.57,15.96,167.53,25.59,125.98,37.89,41.88,52.0,2
2025-03-10,2025,3,6,5,1,1,6,6,229.57,19.95,249.52,41.36,188.21,38.26,41.59,57.4,4
2025-03-11,2025,3,8,7,1,1,8,7,206.06,18.94,225.00,39.45,166.61,25.76,28.13,51.4,6
2025-03-12,2025,3,14,13,1,1,14,13,618.97,35.91,654.88,106.67,512.30,44.21,46.78,58.2,12
2025-03-13,2025,3,5,5,0,0,5,4,128.60,9.47,138.07,22.68,105.92,25.72,27.61,61.4,3
2025-03-14,2025,3,3,3,0,0,3,3,108.56,7.98,116.54,16.92,91.64,36.19,38.85,50.3,2
2025-03-15,2025,3,4,3,1,1,4,4,164.47,15.96,180.43,27.97,136.50,41.12,45.11,44.3,2
2025-03-16,2025,3,4,4,0,0,4,4,180.25,11.97,192.22,33.00,147.25,45.06,48.06,53.3,2
2025-03-17,2025,3,9,7,2,2,9,9,430.68,11.97,442.65,80.42,350.27,47.85,49.18,54.0,6
2025-03-18,2025,3,8,8,0,0,8,8,296.20,23.94,320.14,49.01,247.19,37.03,40.02,56.6,6
2025-03-19,2025,3,5,5,0,0,5,5,201.51,19.95,221.46,38.54,162.97,40.30,44.29,54.4,3
2025-03-20,2025,3,9,9,0,0,9,9,465.46,27.93,493.39,84.85,380.62,51.72,54.82,52.1,5
2025-03-21,2025,3,7,7,0,0,7,7,315.02,23.94,338.96,54.58,260.44,45.00,48.42,62.4,4
2025-03-22,2025,3,2,1,1,1,2,2,84.99,7.98,92.97,16.14,68.85,42.50,46.49,72.0,1
2025-03-23,2025,3,6,6,0,0,6,6,229.92,23.94,253.86,49.60,180.34,38.32,42.31,66.0,5
2025-03-24,2025,3,5,5,0,0,5,5,244.44,15.96,260.40,48.41,196.03,48.89,52.08,42.0,3
2025-03-25,2025,3,6,6,0,0,6,6,269.29,11.97,281.26,56.98,212.31,44.88,46.88,59.0,6
2025-03-26,2025,3,9,8,1,1,9,9,374.00,19.95,393.95,60.38,313.63,41.56,43.77,53.9,2
2025-03-27,2025,3,7,7,0,0,7,7,255.04,23.94,278.98,43.19,211.86,36.43,39.85,57.6,5
2025-03-28,2025,3,7,7,0,0,7,7,231.67,23.94,255.61,43.73,187.94,33.10,36.52,78.0,7
2025-03-29,2025,3,7,5,2,2,7,7,293.29,11.97,305.26,54.80,238.49,41.90,43.61,53.2,3
2025-03-30,2025,3,7,7,0,0,7,7,403.09,23.94,427.03,81.02,322.08,57.58,61.00,61.1,5
2025-03-31,2025,3,5,5,0,0,5,5,208.49,15.96,224.45,36.01,172.49,41.70,44.89,61.8,3
2025-04-01,2025,4,5,4,1,1,5,5,212.80,15.96,228.76,42.30,170.50,42.56,45.75,54.5,2
2025-04-02,2025,4,6,5,1,1,6,6,195.15,19.95,215.10,39.29,155.86,32.53,35.85,52.0,2
2025-04-03,2025,4,7,6,1,1,7,6,287.70,19.95,307.65,44.50,243.20,41.10,43.95,54.8,5
2025-04-04,2025,4,6,5,1,1,6,6,246.99,19.95,266.94,44.31,202.68,41.17,44.49,61.2,2
2025-04-05,2025,4,8,8,0,0,8,8,285.34,15.96,301.30,47.54,237.81,35.67,37.66,66.0,5
2025-04-06,2025,4,7,6,1,1,7,6,350.97,19.95,370.92,72.87,278.10,50.14,52.99,59.7,5
2025-04-07,2025,4,5,5,0,0,5,5,176.75,11.97,188.72,30.59,146.16,35.35,37.74,79.4,5
2025-04-08,2025,4,10,8,2,2,10,10,520.54,35.91,556.45,102.04,418.51,52.05,55.65,49.4,4
2025-04-09,2025,4,3,3,0,0,3,3,36.47,11.97,48.44,5.47,31.00,12.16,16.15,43.0,1
2025-04-10,2025,4,6,6,0,0,6,6,270.35,7.98,278.33,47.82,222.53,45.06,46.39,58.8,5
2025-04-11,2025,4,5,5,0,0,5,5,191.25,15.96,207.21,33.71,157.54,38.25,41.44,53.8,1
2025-04-12,2025,4,11,10,1,1,11,10,436.13,31.92,468.05,85.99,350.14,39.65,42.55,50.1,7
2025-04-13,2025,4,7,7,0,0,7,7,168.55,15.96,184.51,27.80,140.75,24.08,26.36,57.9,6
2025-04-14,2025,4,6,5,1,1,6,5,263.89,21.44,285.33,46.76,217.14,43.98,47.56,47.4,1
2025-04-15,2025,4,8,8,0,0,8,8,283.47,23.94,307.41,53.54,229.94,35.43,38.43,63.1,4
2025-04-16,2025,4,11,11,0,0,11,10,445.45,31.92,477.37,73.49,371.96,40.50,43.40,65.5,8
2025-04-17,2025,4,6,6,0,0,6,6,181.46,15.96,197.42,31.87,149.59,30.24,32.90,58.3,5
2025-04-18,2025,4,10,9,1,1,10,9,389.38,19.95,409.33,59.03,330.35,38.94,40.93,57.0,8
2025-04-19,2025,4,12,11,1,1,12,11,452.45,31.92,484.37,81.66,370.79,37.70,40.36,59.6,8
2025-04-20,2025,4,6,6,0,0,6,6,232.88,23.94,256.82,44.95,187.94,38.81,42.80,56.5,4
2025-04-21,2025,4,4,3,1,1,4,4,222.52,15.96,238.48,33.38,189.15,55.63,59.62,59.3,3
2025-04-22,2025,4,7,6,1,1,7,7,262.71,23.94,286.65,49.26,213.45,37.53,40.95,60.2,4
2025-04-23,2025,4,2,2,0,0,1,2,73.28,7.98,81.26,17.66,55.62,36.64,40.63,49.5,1
2025-04-24,2025,4,8,8,0,0,8,8,345.78,23.94,369.72,63.56,282.23,43.22,46.22,55.0,6
2025-04-25,2025,4,7,6,1,1,7,7,271.02,19.95,290.97,50.52,220.51,38.72,41.57,46.5,5
2025-04-26,2025,4,5,4,1,1,5,5,203.93,15.96,219.89,35.62,168.31,40.79,43.98,55.5,4
2025-04-27,2025,4,10,10,0,0,10,9,410.32,27.93,438.25,68.64,341.68,41.03,43.83,66.2,10
2025-04-28,2025,4,2,2,0,0,2,2,75.51,7.98,83.49,11.32,64.19,37.76,41.75,46.5,2
2025-04-29,2025,4,6,5,1,1,6,6,250.76,23.94,274.70,49.33,201.45,41.79,45.78,60.8,4
2025-04-30,2025,4,11,9,2,2,11,11,387.62,23.94,411.56,63.52,324.10,35.24,37.41,50.1,5
2025-05-01,2025,5,5,4,1,1,5,5,208.13,15.96,224.09,44.30,163.84,41.63,44.82,64.0,2
2025-05-02,2025,5,7,6,1,1,7,5,362.30,15.96,378.26,69.99,292.31,51.76,54.04,75.3,5
2025-05-03,2025,5,5,4,1,1,5,5,161.73,14.95,176.68,28.45,133.28,32.35,35.34,56.5,3
2025-05-04,2025,5,10,10,0,0,10,9,433.49,23.94,457.43,78.78,354.73,43.35,45.74,48.7,5
2025-05-05,2025,5,8,8,0,0,8,8,220.82,23.94,244.76,39.69,181.13,27.60,30.60,61.3,5
2025-05-06,2025,5,3,3,0,0,3,3,146.91,3.99,150.90,32.00,114.91,48.97,50.30,61.0,3
2025-05-07,2025,5,4,4,0,0,4,4,105.21,11.97,117.18,18.25,86.96,26.30,29.30,66.5,3
2025-05-08,2025,5,2,2,0,0,2,2,70.45,7.98,78.43,14.09,56.36,35.23,39.22,75.5,2
2025-05-09,2025,5,10,9,1,1,10,10,452.77,31.92,484.69,76.88,375.90,45.28,48.47,61.7,5
2025-05-10,2025,5,7,7,0,0,7,7,223.91,25.43,249.34,40.96,182.96,31.99,35.62,52.4,5
2025-05-11,2025,5,7,7,0,0,7,6,224.19,15.96,240.15,41.59,182.60,32.03,34.31,63.3,5
2025-05-12,2025,5,5,4,1,1,5,5,241.35,19.95,261.30,41.24,200.11,48.27,52.26,67.8,3
2025-05-13,2025,5,7,7,0,0,7,7,206.19,23.94,230.13,31.92,174.28,29.46,32.88,58.7,7
2025-05-14,2025,5,6,6,0,0,6,6,182.93,13.46,196.39,33.53,149.41,30.49,32.73,56.3,4
2025-05-15,2025,5,11,11,0,0,11,10,351.12,29.42,380.54,68.55,282.57,31.92,34.59,67.9,8
2025-05-16,2025,5,9,8,1,1,9,8,322.02,19.95,341.97,52.88,269.14,35.78,38.00,66.0,6
2025-05-17,2025,5,11,10,1,1,11,11,497.30,31.92,529.22,83.51,413.79,45.21,48.11,59.4,7
2025-05-18,2025,5,9,9,0,0,9,9,383.68,31.92,415.60,73.50,310.19,42.63,46.18,63.0,7
2025-05-19,2025,5,6,6,0,0,6,6,204.06,19.95,224.01,44.37,159.69,34.01,37.34,56.7,3
2025-05-20,2025,5,9,9,0,0,9,9,355.56,23.94,379.50,73.01,282.56,39.51,42.17,51.3,4
2025-05-21,2025,5,9,8,1,1,9,9,216.65,25.43,242.08,34.73,181.92,24.07,26.90,61.0,7
2025-05-22,2025,5,4,3,1,1,4,4,142.51,11.97,154.48,23.33,119.18,35.63,38.62,40.0,2
2025-05-23,2025,5,9,7,2,2,9,9,348.66,19.95,368.61,63.34,285.34,38.74,40.96,56.0,5
2025-05-24,2025,5,9,9,0,0,9,8,372.90,21.44,394.34,62.16,310.75,41.43,43.82,50.7,3
2025-05-25,2025,5,9,9,0,0,9,7,325.78,31.92,357.70,64.94,260.84,36.20,39.74,61.0,5
2025-05-26,2025,5,13,10,3,3,12,13,593.76,33.41,627.17,106.99,486.79,45.67,48.24,47.2,5
2025-05-27,2025,5,9,8,1,1,9,9,418.97,27.93,446.90,76.20,342.77,46.55,49.66,50.4,6
2025-05-28,2025,5,15,14,1,1,15,13,670.07,38.89,708.96,142.13,527.95,44.67,47.26,53.4,8
2025-05-29,2025,5,10,9,1,1,10,10,365.28,35.91,401.19,64.94,300.35,36.53,40.12,53.7,5
2025-05-30,2025,5,11,9,2,2,11,11,389.01,33.41,422.42,78.36,310.65,35.36,38.40,58.3,7
2025-05-31,2025,5,8,8,0,0,8,8,342.77,31.92,374.69,66.95,275.83,42.85,46.84,61.1,7
2025-06-01,2025,6,6,5,1,1,6,6,258.52,23.94,282.46,46.64,211.89,43.09,47.08,63.6,4
2025-06-02,2025,6,4,4,0,0,4,4,158.03,15.96,173.99,31.57,126.46,39.51,43.50,55.5,3
2025-06-03,2025,6,6,5,1,1,6,6,176.11,15.96,192.07,33.46,142.65,29.35,32.01,63.0,3
2025-06-04,2025,6,7,7,0,0,7,7,256.80,19.95,276.75,46.95,209.85,36.69,39.54,59.3,5
2025-06-05,2025,6,10,10,0,0,10,10,305.89,31.92,337.81,62.59,243.31,30.59,33.78,60.4,5
2025-06-06,2025,6,9,9,0,0,9,8,380.85,31.92,412.77,69.95,310.91,42.32,45.86,59.7,7
2025-06-07,2025,6,8,7,1,1,8,8,260.37,23.94,284.31,44.24,216.13,32.55,35.54,56.7,7
2025-06-08,2025,6,12,11,1,1,12,12,458.04,37.40,495.44,79.81,378.24,38.17,41.29,59.9,9
2025-06-09,2025,6,10,10,0,0,10,10,473.30,23.94,497.24,88.01,385.29,47.33,49.72,58.9,10
2025-06-10,2025,6,5,5,0,0,5,5,226.13,15.96,242.09,46.97,179.16,45.23,48.42,47.2,2
2025-06-11,2025,6,10,10,0,0,10,9,390.45,27.93,418.38,86.45,304.00,39.05,41.84,51.7,5
2025-06-12,2025,6,3,3,0,0,3,3,130.66,7.98,138.64,25.39,105.27,43.55,46.21,72.3,2
2025-06-13,2025,6,4,4,0,0,4,4,66.96,13.46,80.42,11.25,55.71,16.74,20.11,67.0,3
2025-06-14,2025,6,8,7,1,1,8,8,367.44,23.94,391.38,65.33,302.12,45.93,48.92,43.1,4
2025-06-15,2025,6,7,4,3,3,7,7,168.47,23.94,192.41,30.18,138.29,24.07,27.49,60.5,4
2025-06-16,2025,6,10,9,1,1,10,9,279.56,22.93,302.49,56.50,223.06,27.96,30.25,59.7,6
2025-06-17,2025,6,5,4,1,1,5,5,203.91,15.96,219.87,34.30,169.61,40.78,43.97,68.3,3
2025-06-18,2025,6,11,8,3,3,11,9,383.27,27.93,411.20,66.75,316.52,34.84,37.38,46.5,7
2025-06-19,2025,6,10,9,1,1,10,10,402.47,35.91,438.38,76.63,325.85,40.25,43.84,60.1,7
2025-06-20,2025,6,8,8,0,0,8,8,434.29,15.96,450.25,84.07,350.22,54.29,56.28,41.4,4
2025-06-21,2025,6,11,9,2,2,11,11,590.21,35.91,626.12,109.05,481.17,53.66,56.92,57.6,8
2025-06-22,2025,6,11,11,0,0,11,9,437.87,35.91,473.78,87.19,350.69,39.81,43.07,61.3,9
2025-06-23,2025,6,9,8,1,1,9,8,314.45,33.41,347.86,54.14,260.31,34.94,38.65,55.3,5
2025-06-24,2025,6,12,12,0,0,12,10,417.87,41.39,459.26,86.59,331.29,34.82,38.27,50.6,5
2025-06-25,2025,6,10,9,1,1,10,8,413.66,27.93,441.59,86.85,326.82,41.37,44.16,69.2,5
2025-06-26,2025,6,5,4,1,1,5,5,201.32,15.96,217.28,39.16,162.16,40.26,43.46,61.0,3
2025-06-27,2025,6,15,14,1,1,14,14,630.88,37.40,668.28,125.71,505.19,42.06,44.55,61.4,12
2025-06-28,2025,6,5,5,0,0,5,5,164.48,11.97,176.45,33.87,130.61,32.90,35.29,52.2,2
2025-06-29,2025,6,5,5,0,0,5,5,138.86,11.97,150.83,24.73,114.13,27.77,30.17,42.6,3
2025-06-30,2025,6,12,11,1,1,12,12,486.42,35.91,522.33,85.33,401.09,40.54,43.53,55.5,7
2025-07-01,2025,7,11,10,1,1,11,11,473.76,27.93,501.69,85.44,388.32,43.07,45.61,59.6,9
2025-07-02,2025,7,11,10,1,1,11,11,481.46,31.92,513.38,92.11,389.37,43.77,46.67,65.8,8
2025-07-03,2025,7,6,5,1,1,6,6,234.35,15.96,250.31,40.98,193.37,39.06,41.72,58.4,1
2025-07-04,2025,7,8,8,0,0,8,8,282.42,25.43,307.85,53.19,229.23,35.30,38.48,51.9,7
2025-07-05,2025,7,8,8,0,0,8,8,398.29,27.93,426.22,80.78,317.51,49.79,53.28,61.5,5
2025-07-06,2025,7,9,7,2,2,9,9,415.20,27.93,443.13,82.82,332.39,46.13,49.24,61.3,3
2025-07-07,2025,7,12,12,0,0,12,11,393.04,29.42,422.46,80.39,312.66,32.75,35.21,62.5,7
2025-07-08,2025,7,11,11,0,0,11,10,471.93,27.93,499.86,90.42,381.52,42.90,45.44,55.5,7
2025-07-09,2025,7,7,6,1,1,7,7,309.77,27.93,337.70,54.53,255.24,44.25,48.24,50.2,2
2025-07-10,2025,7,8,8,0,0,8,7,293.86,23.94,317.80,56.05,237.81,36.73,39.73,56.1,7
2025-07-11,2025,7,8,8,0,0,8,7,386.52,27.93,414.45,67.68,318.84,48.32,51.81,57.0,5
2025-07-12,2025,7,12,10,2,2,12,12,529.31,35.91,565.22,93.80,435.52,44.11,47.10,64.1,9
2025-07-13,2025,7,12,12,0,0,12,12,605.72,35.91,641.63,106.84,498.90,50.48,53.47,61.0,10
2025-07-14,2025,7,11,10,1,1,11,11,467.02,31.92,498.94,87.43,379.61,42.46,45.36,56.1,6
2025-07-15,2025,7,5,4,1,1,5,5,197.57,19.95,217.52,36.60,160.98,39.51,43.50,47.5,2
2025-07-16,2025,7,7,7,0,0,7,7,245.40,19.95,265.35,47.99,197.41,35.06,37.91,71.4,6
2025-07-17,2025,7,12,12,0,0,12,12,410.59,37.40,447.99,69.55,341.04,34.22,37.33,58.8,9
2025-07-18,2025,7,6,6,0,0,6,6,167.27,21.44,188.71,28.15,139.13,27.88,31.45,64.8,4
2025-07-19,2025,7,12,12,0,0,12,11,416.96,33.41,450.37,82.46,334.52,34.75,37.53,51.3,5
2025-07-20,2025,7,9,9,0,0,9,9,332.21,35.91,368.12,62.65,269.57,36.91,40.90,52.4,5
2025-07-21,2025,7,9,9,0,0,9,7,323.44,31.92,355.36,61.88,261.58,35.94,39.48,67.7,7
2025-07-22,2025,7,8,6,2,2,7,7,317.82,29.42,347.24,48.45,269.37,39.73,43.41,64.3,5
2025-07-23,2025,7,8,8,0,0,8,8,262.07,25.43,287.50,43.16,218.92,32.76,35.94,58.1,6
2025-07-24,2025,7,9,9,0,0,9,9,269.41,25.43,294.84,44.21,225.20,29.93,32.76,61.3,7
2025-07-25,2025,7,11,9,2,2,11,10,511.03,39.90,550.93,98.68,412.35,46.46,50.08,55.2,7
2025-07-26,2025,7,9,8,1,1,9,8,418.90,31.92,450.82,78.13,340.77,46.54,50.09,61.5,7
2025-07-27,2025,7,6,5,1,1,6,6,292.62,19.95,312.57,50.80,241.82,48.77,52.10,64.2,2
2025-07-28,2025,7,10,10,0,0,10,10,268.57,30.91,299.48,50.36,218.23,26.86,29.95,63.9,8
2025-07-29,2025,7,16,15,1,1,16,13,634.46,47.88,682.34,122.05,512.43,39.65,42.65,51.1,7
2025-07-30,2025,7,5,3,2,2,5,5,242.15,15.96,258.11,42.44,199.71,48.43,51.62,55.0,1
2025-07-31,2025,7,8,8,0,0,8,8,299.48,27.93,327.41,54.56,244.92,37.44,40.93,52.8,5
2025-08-01,2025,8,11,10,1,1,11,11,508.74,31.92,540.66,96.01,412.73,46.25,49.15,56.3,8
2025-08-02,2025,8,13,8,5,5,13,12,445.82,37.40,483.22,76.18,369.64,34.29,37.17,49.6,6
2025-08-03,2025,8,8,8,0,0,8,8,298.45,27.93,326.38,51.40,247.07,37.31,40.80,64.6,6
2025-08-04,2025,8,9,8,1,1,9,9,442.83,23.94,466.77,78.43,364.40,49.20,51.86,56.1,3
2025-08-05,2025,8,8,7,1,1,8,8,290.09,19.95,310.04,54.46,235.63,36.26,38.76,54.6,6
2025-08-06,2025,8,9,9,0,0,9,9,368.91,35.91,404.82,65.98,302.94,40.99,44.98,43.2,6
2025-08-07,2025,8,11,8,3,3,11,10,435.60,35.91,471.51,80.88,354.72,39.60,42.86,74.8,8
2025-08-08,2025,8,16,15,1,1,16,15,599.50,31.92,631.42,109.20,490.32,37.47,39.46,54.1,9
2025-08-09,2025,8,13,11,2,2,13,11,589.73,31.92,621.65,101.20,488.53,45.36,47.82,54.6,8
2025-08-10,2025,8,18,16,2,2,18,15,556.74,51.87,608.61,108.15,448.59,30.93,33.81,57.1,12
2025-08-11,2025,8,8,8,0,0,8,8,347.13,27.93,375.06,53.66,293.47,43.39,46.88,59.1,7
2025-08-12,2025,8,9,8,1,1,9,8,410.70,27.93,438.63,89.32,321.39,45.63,48.74,51.6,4
2025-08-13,2025,8,8,7,1,1,8,8,300.39,25.43,325.82,51.42,248.97,37.55,40.73,55.7,4
2025-08-14,2025,8,14,12,2,2,14,14,490.59,37.40,527.99,91.20,399.41,35.04,37.71,60.8,6
2025-08-15,2025,8,10,10,0,0,10,10,295.27,27.93,323.20,54.24,241.04,29.53,32.32,63.3,7
2025-08-16,2025,8,7,6,1,1,7,7,193.93,25.43,219.36,35.87,158.06,27.70,31.34,52.7,5
2025-08-17,2025,8,8,8,0,0,8,8,222.46,21.44,243.90,39.44,183.02,27.81,30.49,54.6,6
2025-08-18,2025,8,14,14,0,0,14,14,441.39,49.37,490.76,83.01,358.39,31.53,35.05,56.0,10
2025-08-19,2025,8,8,7,1,1,8,8,313.29,31.92,345.21,54.46,258.83,39.16,43.15,65.3,6
2025-08-20,2025,8,11,11,0,0,11,11,467.22,35.91,503.13,83.47,383.75,42.47,45.74,73.5,9
2025-08-21,2025,8,14,12,2,2,14,12,608.33,43.89,652.22,114.70,493.63,43.45,46.59,55.7,11
2025-08-22,2025,8,13,13,0,0,13,11,393.65,37.40,431.05,81.45,312.21,30.28,33.16,53.2,9
2025-08-23,2025,8,11,9,2,2,11,10,405.31,35.91,441.22,76.19,329.14,36.85,40.11,51.7,5
2025-08-24,2025,8,16,14,2,2,16,15,508.94,51.87,560.81,96.51,412.44,31.81,35.05,65.2,12
2025-08-25,2025,8,13,13,0,0,13,13,415.78,39.90,455.68,79.54,336.24,31.98,35.05,50.2,12
2025-08-26,2025,8,7,5,2,2,7,6,256.11,27.93,284.04,41.74,214.37,36.59,40.58,70.4,3
2025-08-27,2025,8,12,10,2,2,12,12,380.60,45.38,425.98,71.80,308.81,31.72,35.50,68.2,10
2025-08-28,2025,8,15,14,1,1,15,14,587.98,33.41,621.39,112.57,475.43,39.20,41.43,59.0,8
2025-08-29,2025,8,18,15,3,3,18,17,624.58,49.37,673.95,109.56,515.02,34.70,37.44,60.9,13
2025-08-30,2025,8,6,6,0,0,6,6,159.57,23.94,183.51,29.24,130.34,26.60,30.59,51.8,3
2025-08-31,2025,8,12,12,0,0,12,10,526.14,35.91,562.05,94.60,431.54,43.85,46.84,59.5,9
2025-09-01,2025,9,8,8,0,0,7,8,300.57,27.93,328.50,59.06,241.51,37.57,41.06,56.3,7
2025-09-02,2025,9,19,16,3,3,19,15,747.36,46.87,794.23,132.07,615.29,39.33,41.80,57.4,12
2025-09-03,2025,9,11,11,0,0,11,11,411.09,31.92,443.01,78.53,332.57,37.37,40.27,56.5,6
2025-09-04,2025,9,9,7,2,2,9,9,311.11,27.93,339.04,61.09,250.03,34.57,37.67,57.9,4
2025-09-05,2025,9,17,17,0,0,16,15,617.81,50.86,668.67,112.48,505.34,36.34,39.33,59.5,13
2025-09-06,2025,9,21,21,0,0,21,20,805.39,78.79,884.18,148.10,657.30,38.35,42.10,56.5,15
2025-09-07,2025,9,13,12,1,1,13,13,484.07,38.89,522.96,89.38,394.70,37.24,40.23,55.0,7
2025-09-08,2025,9,10,10,0,0,10,9,478.21,31.92,510.13,97.69,380.53,47.82,51.01,57.9,7
2025-09-09,2025,9,21,20,1,1,21,16,848.53,63.84,912.37,150.74,697.80,40.41,43.45,55.9,16
2025-09-10,2025,9,5,5,0,0,5,5,128.67,7.98,136.65,23.65,105.03,25.73,27.33,62.8,4
2025-09-11,2025,9,18,15,3,3,18,16,704.58,45.38,749.96,135.18,569.42,39.14,41.66,57.7,9
2025-09-12,2025,9,17,17,0,0,16,17,735.39,51.87,787.26,141.61,593.81,43.26,46.31,56.3,9
2025-09-13,2025,9,17,17,0,0,17,16,623.69,59.85,683.54,112.52,511.19,36.69,40.21,56.5,11
2025-09-14,2025,9,10,8,2,2,10,9,381.41,37.40,418.81,64.01,317.40,38.14,41.88,59.8,6
2025-09-15,2025,9,15,13,2,2,15,13,472.71,53.36,526.07,88.27,384.44,31.51,35.07,60.5,8
2025-09-16,2025,9,14,14,0,0,14,14,678.82,37.40,716.22,120.02,558.80,48.49,51.16,61.3,11
2025-09-17,2025,9,14,12,2,2,14,12,611.81,41.39,653.20,120.26,491.56,43.70,46.66,57.5,9
2025-09-18,2025,9,12,10,2,2,12,11,551.98,35.91,587.89,95.51,456.48,46.00,48.99,54.5,7
2025-09-19,2025,9,15,12,3,3,15,12,520.68,47.88,568.56,99.23,421.47,34.71,37.90,66.5,10
2025-09-20,2025,9,18,16,2,2,18,15,704.17,51.87,756.04,116.67,587.52,39.12,42.00,55.4,8
2025-09-21,2025,9,9,9,0,0,9,9,328.98,25.43,354.41,52.24,276.74,36.55,39.38,58.3,5
2025-09-22,2025,9,19,18,1,1,19,17,655.49,46.87,702.36,123.31,532.20,34.50,36.97,56.3,10
2025-09-23,2025,9,7,7,0,0,7,7,312.73,15.96,328.69,59.52,253.21,44.68,46.96,55.6,4
2025-09-24,2025,9,15,15,0,0,15,15,643.93,51.87,695.80,118.53,525.41,42.93,46.39,57.0,8
2025-09-25,2025,9,14,11,3,3,14,12,528.02,39.90,567.92,94.39,433.63,37.72,40.57,57.2,8
2025-09-26,2025,9,9,7,2,2,9,9,291.73,26.92,318.65,47.48,244.25,32.41,35.41,58.9,4
2025-09-27,2025,9,15,13,2,2,15,12,654.20,38.89,693.09,119.26,534.94,43.61,46.21,49.2,11
2025-09-28,2025,9,15,15,0,0,15,14,662.52,39.90,702.42,130.06,532.48,44.17,46.83,63.7,12
2025-09-29,2025,9,18,17,1,1,17,17,747.15,55.86,803.01,138.51,608.64,41.51,44.61,57.4,10
2025-09-30,2025,9,11,11,0,0,11,11,502.45,27.93,530.38,94.86,407.59,45.68,48.22,64.1,5
2025-10-01,2025,10,10,9,1,1,10,10,387.32,23.94,411.26,75.77,311.55,38.73,41.13,58.6,5
2025-10-02,2025,10,13,10,3,3,13,11,528.98,41.39,570.37,93.07,435.91,40.69,43.87,49.2,4
2025-10-03,2025,10,13,13,0,0,13,11,497.61,37.40,535.01,89.76,407.85,38.28,41.15,56.1,12
2025-10-04,2025,10,10,9,1,1,10,9,394.89,27.93,422.82,68.97,325.92,39.49,42.28,54.4,6
2025-10-05,2025,10,17,17,0,0,17,15,717.28,59.85,777.13,144.07,573.23,42.19,45.71,53.5,10
2025-10-06,2025,10,11,11,0,0,11,11,485.59,31.92,517.51,93.54,392.05,44.14,47.05,53.9,9
2025-10-07,2025,10,14,12,2,2,14,14,614.62,35.91,650.53,114.13,500.51,43.90,46.47,58.7,10
2025-10-08,2025,10,19,18,1,1,19,17,777.94,51.87,829.81,137.76,640.19,40.94,43.67,66.3,14
2025-10-09,2025,10,8,8,0,0,8,8,266.01,23.94,289.95,54.25,211.77,33.25,36.24,51.3,5
2025-10-10,2025,10,14,14,0,0,13,12,467.58,47.88,515.46,80.05,387.54,33.40,36.82,58.7,10
2025-10-11,2025,10,16,15,1,1,16,13,669.29,41.39,710.68,118.28,551.02,41.83,44.42,54.6,6
2025-10-12,2025,10,23,21,2,2,23,20,913.87,58.84,972.71,181.17,732.71,39.73,42.29,59.1,17
2025-10-13,2025,10,10,9,1,1,10,9,454.11,19.95,474.06,87.76,366.37,45.41,47.41,51.6,8
2025-10-14,2025,10,22,20,2,2,22,20,813.08,64.32,877.40,152.19,660.91,36.96,39.88,52.7,11
2025-10-15,2025,10,11,10,1,1,11,10,545.59,35.91,581.50,96.86,448.73,49.60,52.86,53.2,6
2025-10-16,2025,10,23,20,3,3,23,20,840.37,67.83,908.20,157.30,683.07,36.54,39.49,59.7,16
2025-10-17,2025,10,14,14,0,0,14,12,585.94,47.88,633.82,113.48,472.46,41.85,45.27,57.7,9
2025-10-18,2025,10,13,13,0,0,13,11,443.22,41.39,484.61,77.69,365.56,34.09,37.28,58.5,8
2025-10-19,2025,10,23,22,1,1,23,20,742.37,71.82,814.19,133.32,609.06,32.28,35.40,54.8,14
2025-10-20,2025,10,8,8,0,0,8,8,299.93,21.44,321.37,56.03,243.90,37.49,40.17,59.4,5
2025-10-21,2025,10,17,15,2,2,17,15,745.66,55.86,801.52,123.87,621.79,43.86,47.15,63.7,9
2025-10-22,2025,10,22,22,0,0,22,19,802.59,59.85,862.44,148.79,653.83,36.48,39.20,57.7,18
2025-10-23,2025,10,20,18,2,2,19,17,755.46,63.84,819.30,124.80,630.68,37.77,40.97,55.1,12
2025-10-24,2025,10,9,9,0,0,9,8,348.12,23.94,372.06,74.57,273.57,38.68,41.34,66.8,8
2025-10-25,2025,10,14,13,1,1,14,12,595.24,35.91,631.15,109.39,485.87,42.52,45.08,59.9,11
2025-10-26,2025,10,9,7,2,2,9,8,396.38,27.93,424.31,75.76,320.62,44.04,47.15,58.3,3
2025-10-27,2025,10,16,13,3,3,16,16,734.62,53.36,787.98,137.25,597.37,45.91,49.25,59.8,8
2025-10-28,2025,10,11,11,0,0,11,10,283.03,29.42,312.45,49.55,233.48,25.73,28.40,52.7,8
2025-10-29,2025,10,29,28,1,1,27,26,1152.56,77.30,1229.86,206.62,945.96,39.74,42.41,57.5,18
2025-10-30,2025,10,17,15,2,2,17,15,718.44,51.87,770.31,131.29,587.16,42.26,45.31,58.5,10
2025-10-31,2025,10,18,17,1,1,18,18,585.26,43.89,629.15,111.15,474.12,32.51,34.95,66.1,13
2025-11-01,2025,11,24,24,0,0,24,22,840.28,66.82,907.10,150.16,690.13,35.01,37.80,57.5,17
2025-11-02,2025,11,11,11,0,0,11,9,414.63,39.90,454.53,70.83,343.80,37.69,41.32,61.1,9
2025-11-03,2025,11,26,22,4,4,26,22,958.51,93.26,1051.77,184.26,774.28,36.87,40.45,51.1,16
2025-11-04,2025,11,16,15,1,1,16,16,781.91,39.90,821.81,139.58,642.34,48.87,51.36,60.2,12
2025-11-05,2025,11,20,19,1,1,20,18,880.82,71.82,952.64,159.27,721.56,44.04,47.63,70.0,16
2025-11-06,2025,11,22,22,0,0,22,18,958.32,67.83,1026.15,168.49,789.86,43.56,46.64,59.5,16
2025-11-07,2025,11,19,15,4,4,19,18,787.25,47.88,835.13,146.51,640.74,41.43,43.95,59.5,10
2025-11-08,2025,11,19,19,0,0,19,17,809.04,65.33,874.37,145.42,663.64,42.58,46.02,52.7,15
2025-11-09,2025,11,29,25,4,4,29,24,969.84,85.28,1055.12,182.42,787.43,33.44,36.38,60.5,18
2025-11-10,2025,11,19,17,2,2,19,18,725.54,50.86,776.40,149.48,576.10,38.19,40.86,59.6,13
2025-11-11,2025,11,20,17,3,3,20,18,737.12,61.34,798.46,137.18,599.94,36.86,39.92,55.6,12
2025-11-12,2025,11,15,15,0,0,15,14,509.89,35.91,545.80,89.80,420.10,33.99,36.39,56.6,9
2025-11-13,2025,11,22,20,2,2,22,19,895.25,51.87,947.12,158.74,736.52,40.69,43.05,60.4,12
2025-11-14,2025,11,17,17,0,0,17,15,724.25,59.85,784.10,134.39,589.87,42.60,46.12,60.2,12
2025-11-15,2025,11,19,17,2,2,19,17,846.70,46.87,893.57,155.65,691.07,44.56,47.03,57.6,12
2025-11-16,2025,11,11,10,1,1,11,9,414.26,26.92,441.18,72.97,341.29,37.66,40.11,59.5,8
2025-11-17,2025,11,21,20,1,1,21,18,841.11,61.34,902.45,145.81,695.31,40.05,42.97,55.5,14
2025-11-18,2025,11,18,18,0,0,17,16,701.77,63.84,765.61,122.75,579.04,38.99,42.53,59.7,13
2025-11-19,2025,11,14,14,0,0,14,13,514.64,43.89,558.53,89.51,425.14,36.76,39.90,55.5,7
2025-11-20,2025,11,20,18,2,2,20,19,724.55,59.85,784.40,135.94,588.62,36.23,39.22,59.1,14
2025-11-21,2025,11,14,14,0,0,14,13,581.47,39.90,621.37,108.86,472.61,41.53,44.38,61.2,9
2025-11-22,2025,11,25,22,3,3,25,24,1029.85,77.30,1107.15,187.26,842.59,41.19,44.29,55.5,17
2025-11-23,2025,11,21,17,4,4,21,20,695.40,63.84,759.24,119.52,575.88,33.11,36.15,59.4,12
2025-11-24,2025,11,20,18,2,2,20,18,659.21,49.37,708.58,117.38,541.85,32.96,35.43,62.6,16
2025-11-25,2025,11,19,17,2,2,19,18,798.54,65.33,863.87,144.85,653.69,42.03,45.47,57.6,12
2025-11-26,2025,11,23,21,2,2,23,20,850.63,77.30,927.93,143.75,706.89,36.98,40.34,62.0,16
2025-11-27,2025,11,23,22,1,1,23,20,981.90,79.80,1061.70,177.23,804.69,42.69,46.16,61.9,18
2025-11-28,2025,11,23,23,0,0,23,23,930.98,73.31,1004.29,179.97,751.03,40.48,43.66,56.1,13
2025-11-29,2025,11,32,30,2,2,30,28,1116.19,99.22,1215.41,205.86,910.36,34.88,37.98,56.7,23
2025-11-30,2025,11,21,20,1,1,21,20,631.70,50.86,682.56,115.85,515.86,30.08,32.50,54.2,11
2025-12-01,2025,12,27,25,2,2,27,25,991.70,83.79,1075.49,178.31,813.40,36.73,39.83,57.0,17
2025-12-02,2025,12,22,22,0,0,22,20,975.94,65.33,1041.27,173.67,802.27,44.36,47.33,58.7,14
2025-12-03,2025,12,18,17,1,1,17,16,695.18,43.89,739.07,124.44,570.75,38.62,41.06,52.7,8
2025-12-04,2025,12,17,14,3,3,17,15,662.05,51.87,713.92,122.41,539.64,38.94,42.00,54.4,8
2025-12-05,2025,12,27,26,1,1,27,24,948.27,85.28,1033.55,171.61,776.67,35.12,38.28,63.0,19
2025-12-06,2025,12,25,20,5,5,24,21,1016.41,83.79,1100.20,185.96,830.46,40.66,44.01,57.8,14
2025-12-07,2025,12,26,22,4,4,26,24,966.26,87.78,1054.04,184.06,782.20,37.16,40.54,56.5,16
2025-12-08,2025,12,19,18,1,1,19,17,775.30,63.84,839.14,130.98,644.32,40.81,44.17,52.8,9
2025-12-09,2025,12,31,27,4,4,31,27,1206.19,95.76,1301.95,210.85,995.34,38.91,42.00,54.5,17
2025-12-10,2025,12,22,19,3,3,22,19,783.01,66.82,849.83,152.09,630.95,35.59,38.63,63.2,15
2025-12-11,2025,12,35,32,3,3,33,31,1304.70,106.72,1411.42,240.43,1064.29,37.28,40.33,56.0,23
2025-12-12,2025,12,26,24,2,2,26,24,854.08,62.83,916.91,149.15,704.93,32.85,35.27,58.6,17
2025-12-13,2025,12,25,23,2,2,25,23,1023.40,87.78,1111.18,196.81,826.63,40.94,44.45,61.2,14
2025-12-14,2025,12,37,35,2,2,37,31,1451.07,101.24,1552.31,278.84,1172.26,39.22,41.95,57.1,24
2025-12-15,2025,12,19,18,1,1,19,16,616.46,50.86,667.32,119.00,497.48,32.45,35.12,61.3,10
2025-12-16,2025,12,25,23,2,2,25,20,905.92,77.30,983.22,154.95,750.99,36.24,39.33,59.3,17
2025-12-17,2025,12,22,21,1,1,21,17,797.09,65.33,862.42,149.65,647.45,36.23,39.20,59.5,12
2025-12-18,2025,12,25,22,3,3,25,20,1077.59,83.79,1161.38,199.78,877.81,43.10,46.46,56.1,13
2025-12-19,2025,12,20,18,2,2,19,18,736.00,59.85,795.85,136.49,599.52,36.80,39.79,59.7,15
2025-12-20,2025,12,34,32,2,2,32,27,1208.09,122.68,1330.77,231.35,976.75,35.53,39.14,56.6,23
2025-12-21,2025,12,31,29,2,2,31,27,1181.60,91.77,1273.37,210.06,971.55,38.12,41.08,55.7,19
2025-12-22,2025,12,38,35,3,3,37,30,1502.30,106.72,1609.02,275.25,1227.07,39.53,42.34,54.1,21
2025-12-23,2025,12,23,23,0,0,22,18,1086.29,63.84,1150.13,221.70,864.60,47.23,50.01,50.2,14
2025-12-24,2025,12,24,21,3,3,24,23,973.43,67.83,1041.26,173.76,799.68,40.56,43.39,61.0,14
2025-12-25,2025,12,39,35,4,4,38,32,1588.67,111.72,1700.39,288.34,1300.36,40.74,43.60,57.5,23
2025-12-26,2025,12,31,30,1,1,27,22,1206.40,86.77,1293.17,216.10,990.30,38.92,41.72,51.3,14
2025-12-27,2025,12,33,33,0,0,29,30,1151.45,101.24,1252.69,230.33,921.15,34.89,37.96,56.8,22
2025-12-28,2025,12,34,33,1,1,33,26,1272.16,80.28,1352.44,231.48,1040.69,37.42,39.78,58.2,21
2025-12-29,2025,12,45,43,2,2,42,34,1568.27,156.09,1724.36,293.72,1274.57,34.85,38.32,60.0,27
2025-12-30,2025,12,49,46,3,3,40,36,1886.36,142.63,2028.99,348.37,1538.04,38.50,41.41,59.2,30
2025-12-31,2025,12,56,50,6,6,46,40,2131.22,137.15,2268.37,391.73,1739.54,38.06,40.51,57.9,35
